blockGroup,marketCategory,sales20092010,unitsPerSquareMile,residentialPermits,vacantLots,vacantHouseNotices,foreclosureFilings,ownerOccupied
2402001,Regional Choice,99,8466.67,1,2,0,5,65.2
2102001,Middle Market Stressed,90,6241.67,0,7,8,8,47.9
103002,Regional Choice,87,22000,1,0,2,6,41.3
2102002,Middle Market Stressed,83,670.89,1,6,9,8,49.9
101001,Regional Choice,79,15225,0,0,0,3,78
603002,Regional Choice,76,12125,0,6,3,5,48.9
2401001,Regional Choice,74,1780.49,1,9,1,5,75.7
602004,Middle Market Stressed,72,13950,3,3,8,8,42
101002,Regional Choice,69,11975,1,1,1,5,69.4
102003,Regional Choice,67,16400,0,0,0,3,77.4
601002,Middle Market,65,13700,0,0,2,7,47.6
2302002,Regional Choice,64,14625,1,2,2,4,67.1
104002,Regional Choice,64,12875,0,2,0,6,42.9
2610004,Middle Market Choice,62,11125,1,0,0,5,62.1
201002,Regional Choice,62,15950,1,1,0,3,55.9
701002,Distressed,62,13375,0,1,8,6,34.4
104001,Regional Choice,61,8383.33,1,1,0,3,61.5
105002,Regional Choice,60,16300,1,1,1,7,50.6
2303001,Regional Choice,60,13850,1,2,1,5,63.3
2604043,Middle Market Stressed,59,2752.94,0,2,3,9,40.4
2101002,Middle Market Stressed,58,11700,1,4,9,8,51.1
601003,Middle Market,57,14600,1,0,4,8,57.8
2302001,Regional Choice,56,11075,1,1,0,3,55.3
203001,Regional Choice,55,8983.33,0,17,1,3,40.2
103001,Regional Choice,54,2204.55,0,3,1,4,76.6
202002,Middle Market Choice,54,9940,0,2,1,6,51.7
1503004,Middle Market Stressed,53,3333.33,0,10,25,3,24.3
2608002,Middle Market Stressed,53,7383.33,0,1,2,8,51.5
2401002,Regional Choice,53,1369.7,0,3,1,3,74.9
2704011,Middle Market,53,4005,0,3,0,8,60.8
2608001,Middle Market Stressed,52,8900,0,1,2,9,36.3
603001,Middle Market Stressed,51,5800,1,18,19,6,26.4
102001,Middle Market Choice,51,12300,1,0,2,8,68.8
1306004,Middle Market Choice,50,2672.22,0,5,0,2,75.1
2609001,Regional Choice,50,4050,0,5,0,5,69.6
906002,Distressed,50,8300,0,4,21,7,38.7
602005,Middle Market Stressed,50,9800,0,0,17,15,23.7
2402002,Regional Choice,49,9000,1,12,0,2,74.9
2301002,Regional Choice,48,6185.71,1,1,1,3,65.4
101003,Regional Choice,47,6100,0,3,0,3,78.6
602001,Middle Market Stressed,47,7650,0,1,12,13,36.1
2404001,Regional Choice,47,17950,1,29,0,1,84.7
2501012,Middle Market,46,3171.43,7,2,0,6,73.7
2303002,Middle Market Choice,46,485.42,1,14,1,8,64.9
602002,Middle Market Choice,46,12700,1,0,2,7,57.8
2609002,Regional Choice,45,9850,0,0,1,3,74.9
2609003,Regional Choice,45,8600,1,1,0,6,32.6
2705024,Middle Market Choice,45,2850,0,2,0,6,70.4
1803002,Middle Market Stressed,45,9960,1,16,7,7,33.2
902001,Middle Market Choice,44,1061.4,0,1,0,4,82.5
602003,Middle Market Choice,42,13200,0,1,2,6,54.7
2603024,Middle Market Stressed,42,10400,0,0,0,6,70
903004,Middle Market Stressed,42,9316.67,0,3,1,9,56.5
2601025,Middle Market Choice,42,2829.41,0,2,1,9,74.6
2611001,Regional Choice,41,10000,1,0,1,5,65.8
904001,Middle Market Stressed,40,6260,0,11,2,8,30.9
2201004,Regional Choice,40,7071.43,1,2,0,1,65.6
703001,Distressed,39,3500,0,5,55,7,24.3
2006001,Distressed,39,764,0,8,7,6,58.4
808003,Distressed,38,6140,4,23,27,4,18.9
907003,Distressed,38,7280,0,2,10,6,45.6
2705014,Middle Market Choice,38,3676.47,0,1,0,4,82.2
2505004,Middle Market Stressed,37,8235.71,0,6,2,7,22.1
801023,Distressed,37,11633.33,0,0,5,8,48.3
1308042,Middle Market Choice,37,2941.18,0,8,1,3,65.9
2504011,Middle Market Stressed,37,3052.38,0,7,3,7,43.4
1207001,Middle Market Choice,37,4500,0,1,0,3,60.9
2404004,Regional Choice,37,13300,1,2,1,2,78.8
901005,Middle Market Stressed,36,9233.33,0,4,7,8,48.9
2404005,Regional Choice,36,11500,6,3,1,2,82.2
2704012,Middle Market Choice,36,4200,0,10,0,7,64.8
2705023,Middle Market Choice,36,3183.33,1,1,0,5,86.3
2708014,Middle Market Choice,36,5550,0,10,0,4,82.3
1902003,Distressed,36,5640,0,10,21,7,34.4
1307004,Regional Choice,36,10371.43,1,6,1,3,36
1306002,Middle Market Choice,36,12833.33,1,1,1,4,61.8
2502054,Middle Market Stressed,35,2022.73,0,8,2,8,56.6
2714001,Regional Choice,35,2170.37,1,3,0,1,70
2712003,Regional Choice,35,2806.67,0,2,0,2,86
702002,Distressed,35,13350,0,0,8,11,39
1608022,Distressed,34,5300,0,12,9,7,59
2101003,Middle Market Stressed,34,673.17,0,12,4,7,53.3
1203002,Middle Market Stressed,34,11466.67,1,1,10,4,41.4
2501032,Middle Market Choice,34,1190,0,5,0,4,88.8
1207002,Middle Market Stressed,34,7160,0,2,7,7,47.1
1207003,Middle Market Stressed,33,1255.56,0,7,2,4,53.2
2708031,Middle Market Choice,33,2490.7,0,1,0,4,56
1306001,Middle Market Choice,33,7783.33,0,5,0,2,58.5
102004,Middle Market Choice,33,5016.67,1,0,1,7,69.2
102002,Regional Choice,32,14100,0,0,2,5,77.2
2504021,Middle Market Stressed,32,8057.14,0,3,6,6,32.9
1607002,Distressed,32,7275,0,3,9,7,51
2611002,Regional Choice,32,11133.33,0,0,0,4,70.2
2708011,Middle Market Choice,32,6983.33,0,2,0,4,70.3
2101001,Middle Market Choice,32,4766.67,1,9,1,4,66
907001,Distressed,32,6600,0,6,15,8,42.9
1308033,Middle Market Choice,32,5825,0,7,0,3,80.4
2602023,Middle Market,32,5090.91,0,1,0,6,78.8
2709023,Middle Market Choice,32,5200,0,0,0,4,89.3
2403003,Regional Choice,32,15350,1,0,0,3,69.1
1502002,Distressed,32,6933.33,3,17,22,2,30.5
2503011,Distressed,31,461.54,1,17,13,5,47.5
801013,Middle Market Stressed,31,7720,0,0,1,6,61.6
702003,Distressed,31,12900,0,0,21,10,26.3
2611003,Regional Choice,31,12900,5,3,0,2,72.7
2708033,Middle Market Choice,31,3771.43,0,0,0,5,66.6
2610002,Distressed,31,6175,0,1,4,8,27.1
2003004,Distressed,30,7500,0,13,22,9,28.5
1608024,Distressed,30,8600,0,5,4,8,56.5
2605011,Middle Market,30,1366.67,0,1,0,2,53.5
2008001,Middle Market Stressed,30,1457.14,0,8,6,9,40.9
2403002,Regional Choice,30,18450,1,2,1,3,67.7
2707032,Middle Market Choice,30,3038.46,0,1,0,5,80.9
2403001,Regional Choice,30,13500,1,2,0,3,45.5
2709021,Middle Market,30,2576.19,0,0,0,4,90
2505002,Middle Market Stressed,30,2100,0,10,2,5,47.5
2504023,Middle Market Stressed,30,4663.64,0,4,4,4,43.2
2502062,Middle Market,30,1173.33,0,10,1,7,81.7
2610003,Middle Market Stressed,29,12200,0,0,3,9,35.5
2603014,Middle Market Stressed,29,9366.67,0,0,1,13,56.7
1202002,Regional Choice,29,6885.71,0,1,0,1,58.2
1306003,Middle Market Choice,29,7016.67,0,4,0,4,64.4
2601024,Middle Market Choice,29,3208.33,0,5,0,6,84.3
105001,Regional Choice,29,16000,2,2,1,2,41.8
906004,Middle Market Stressed,29,6560,0,0,3,8,68
1903003,Distressed,29,7400,0,10,33,7,33.1
2604042,Distressed,29,260,0,11,3,5,45.9
701001,Distressed,29,5171.43,0,0,7,5,44.5
702004,Distressed,29,7700,1,13,18,9,33.2
803013,Distressed,29,6866.67,0,2,11,7,47.8
702005,Distressed,29,9900,0,0,21,5,33.4
2705013,Middle Market Choice,29,2788.24,0,3,0,3,87.2
2705022,Middle Market Choice,29,3500,0,1,0,6,68.3
2005004,Distressed,28,2718.18,0,3,7,4,47.9
2606052,Middle Market,28,3970.59,1,10,0,4,59.4
2606051,Middle Market Choice,28,2893.75,1,18,1,4,84.9
1507021,Middle Market Stressed,28,7366.67,0,1,3,5,72.5
2701022,Middle Market,28,3850,2,1,2,9,69.9
901001,Middle Market Stressed,28,7283.33,0,6,1,7,50.3
1201001,Regional Choice,28,2514.29,1,2,1,2,85.2
601004,Middle Market Stressed,28,9700,0,0,10,6,41.5
1512001,Distressed,28,7790,1,3,9,4,29.3
1509001,Distressed,27,4857.14,0,10,7,6,60.9
1504004,Distressed,27,8650,0,4,36,5,34.4
1503002,Distressed,27,5760,0,2,6,5,62.7
1502005,Distressed,27,10700,0,2,19,7,38.6
2712002,Regional Choice,27,3347.06,0,6,0,4,55.7
801014,Middle Market Stressed,27,9050,0,7,2,7,71.1
805001,Distressed,27,4250,0,7,20,4,49.9
2501033,Middle Market Choice,27,2306.67,0,6,1,8,82.3
2404003,Middle Market Choice,27,4250,1,1,1,3,70.5
1303002,Distressed,27,5675,0,10,25,7,32.3
1304003,Distressed,27,5920,0,1,14,5,43.7
2712005,Regional Choice,26,1386.36,0,4,0,1,96.5
803015,Distressed,26,7250,0,10,30,5,43.5
2706001,Middle Market Choice,26,3058.33,0,4,0,8,81.6
2602031,Middle Market Choice,26,2820,0,5,0,4,57.1
2603013,Middle Market Stressed,26,7550,0,6,2,6,56.4
2603015,Middle Market Stressed,26,5533.33,0,0,1,9,62.5
2804033,Regional Choice,26,5231.25,0,7,0,4,43.5
908001,Distressed,26,1575,1,9,15,5,43.3
2605013,Middle Market,26,10660,0,0,0,4,51.3
1604005,Distressed,26,6066.67,0,7,42,3,42
2718011,Distressed,26,4137.5,0,6,15,7,39.1
1203004,Middle Market Stressed,26,7514.29,0,6,10,6,27.3
1509004,Middle Market Stressed,26,1145.16,0,10,5,7,62.5
2718013,Middle Market Stressed,25,5733.33,0,6,4,5,63.3
2602013,Middle Market Stressed,25,3170,0,6,1,10,64.5
808004,Distressed,25,3700,4,10,47,0,44.9
2007022,Distressed,25,6300,0,7,6,8,72.4
2006003,Middle Market Stressed,25,8625,0,5,5,6,69.6
2704021,Middle Market,25,2988.89,0,1,0,9,85.3
2005005,Distressed,25,7775,0,13,14,6,23.6
2704024,Middle Market Choice,25,3406.67,0,1,1,7,65.1
2005001,Distressed,25,7350,0,2,32,7,30.7
2705012,Middle Market Choice,25,2373.33,0,5,0,4,84.3
2706004,Middle Market Choice,25,3553.85,0,4,1,7,65.4
2708055,Middle Market Choice,25,2873.33,0,7,0,5,80.2
2713001,Regional Choice,25,1029.03,1,13,0,2,57.3
1506002,Distressed,25,4700,0,4,13,4,59.4
2716004,Distressed,25,3825,0,29,19,3,45.2
1604002,Distressed,25,8833.33,0,5,27,6,39.9
1511002,Middle Market,25,5800,0,2,1,3,48.8
2502052,Middle Market,25,5050,0,1,0,5,68
1512005,Distressed,24,5040,0,10,17,6,49.9
2201001,Regional Choice,24,2853.33,1,6,0,4,30
2701012,Middle Market,24,1259.26,0,2,1,10,63.3
1307005,Regional Choice,24,5870,1,8,0,2,65
2601014,Middle Market,24,2954.55,0,7,1,10,57.1
2712006,Regional Choice,24,1320.51,1,6,0,1,87
1606005,Distressed,24,7400,0,3,13,4,59.2
2804014,Middle Market,24,3566.67,0,1,0,5,90.4
2607001,Middle Market Choice,24,1640,0,14,1,4,52
1308041,Middle Market Choice,24,3766.67,0,11,1,3,58
2705011,Middle Market Choice,23,750,0,16,0,6,75.5
803014,Distressed,23,2350,0,30,38,5,29.8
2004004,Distressed,23,3850,0,17,24,3,37.2
1512003,Distressed,23,3642.86,0,5,17,7,48.6
2709013,Middle Market,23,11444.44,0,0,0,6,34.8
2701024,Middle Market Choice,23,3621.43,0,2,0,5,77.8
1902001,Middle Market Stressed,23,7060,2,4,14,15,33.8
1607006,Distressed,23,11450,0,5,9,9,53
1303003,Distressed,23,5733.33,0,14,23,3,33.8
2714002,Regional Choice,23,4533.33,1,7,0,1,53.9
803023,Distressed,23,10200,0,0,3,4,52.1
1502001,Distressed,23,8100,1,4,30,6,37.5
2718023,Distressed,23,6050,0,5,21,4,47
2006002,Distressed,23,1700,0,12,5,5,54.8
2602024,Middle Market Stressed,23,5937.5,0,1,1,7,63.1
2801025,Middle Market Choice,23,3162.5,0,3,0,5,77.9
2701023,Middle Market,22,3380,0,5,1,10,64.8
201001,Regional Choice,22,12166.67,1,1,2,4,43.3
801012,Middle Market,22,6480,0,5,1,7,78.1
805003,Distressed,22,2137.5,0,10,20,3,57.5
901003,Middle Market,22,5387.5,0,3,0,4,73.1
909002,Distressed,22,5200,0,9,28,3,33.4
1202001,Regional Choice,22,6683.33,0,2,1,3,61.8
1203003,Middle Market Stressed,22,10133.33,1,1,9,7,44
1308061,Middle Market,22,970.91,1,25,0,6,68.6
1402002,Distressed,22,9600,1,14,18,9,19
1506003,Distressed,22,5875,0,8,22,8,48.9
1513004,Distressed,22,2650,0,9,13,5,54.8
1606001,Distressed,22,6966.67,0,4,21,5,42.8
1607003,Distressed,22,7466.67,0,3,15,6,55.9
1903004,Distressed,22,4116.67,0,6,14,3,37.3
2007012,Distressed,22,9250,0,2,2,5,72
2601012,Middle Market Choice,22,3233.33,0,7,0,6,83.4
2601022,Middle Market,22,4528.57,0,1,0,7,80.1
2602011,Middle Market,22,2450,0,2,1,9,72.6
2602021,Middle Market Stressed,22,6150,0,2,3,11,61.1
2708025,Middle Market Choice,22,4600,0,0,1,5,77.8
2801022,Middle Market,22,2723.08,1,6,2,7,67.2
2708021,Middle Market Choice,21,4914.29,0,1,0,7,89.9
2002001,Distressed,21,3342.86,0,6,6,4,59.5
2709032,Middle Market Choice,21,6633.33,0,5,0,3,34.4
1608023,Middle Market Stressed,21,6933.33,0,1,1,5,78
2501022,Middle Market Choice,21,6325,0,4,1,5,58.5
2712004,Regional Choice,21,960.61,1,4,0,2,93.7
2711022,Regional Choice,21,1352.63,0,3,0,3,88.5
2708043,Regional Choice,21,4814.29,0,4,0,3,59.4
203002,Regional Choice,21,5035.71,0,7,0,4,29.8
2701011,Regional Choice,21,3411.11,1,0,0,3,86.8
1203001,Middle Market Stressed,21,13933.33,0,0,1,4,39.4
704001,Distressed,21,1625,0,54,25,0,35.4
805002,Distressed,21,11200,0,0,17,5,47.2
1510002,Middle Market Stressed,21,3940,0,5,4,8,55.3
2610001,Distressed,21,12450,0,0,4,11,35.3
1608012,Middle Market Stressed,21,7933.33,0,0,0,4,73.2
2503012,Distressed,21,4250,0,5,13,1,42.4
2504024,Middle Market Stressed,21,6033.33,0,5,4,7,56.7
807004,Distressed,21,2633.33,3,49,18,5,47.3
907002,Distressed,21,6900,0,11,19,6,35.2
2605015,Middle Market Choice,21,7271.43,0,4,1,3,57.2
2502063,Middle Market Choice,21,1540,0,14,1,4,75.4
1204001,Middle Market Stressed,20,7000,2,20,21,4,23.5
2601023,Middle Market Choice,20,2460,0,2,1,7,71.8
1501002,Distressed,20,6060,1,13,13,3,44.5
1508004,Middle Market Stressed,20,3340,0,6,5,13,43.5
1308032,Middle Market Choice,20,10085.71,0,10,0,2,50.8
2804041,Middle Market Choice,20,6046.67,0,12,0,4,41
2604021,Middle Market Stressed,20,3326.32,0,11,0,9,42.1
2603012,Middle Market Stressed,20,6166.67,0,1,1,6,71.8
2720011,Middle Market,20,5772.73,0,2,0,4,30.4
2603026,Middle Market Stressed,20,5200,0,0,1,7,64.8
2001003,Distressed,20,6366.67,0,5,22,3,33
902002,Middle Market Choice,20,2957.14,0,1,0,5,80.5
2007014,Distressed,20,1280,0,10,6,8,59.2
2707031,Middle Market Choice,20,4555.56,0,3,0,5,66.6
2715011,Regional Choice,20,762.5,0,21,0,3,85.7
202001,Regional Choice,20,10000,4,6,2,5,40.6
903005,Regional Choice,20,9750,0,0,1,2,84.9
2718012,Distressed,20,7983.33,0,5,12,6,25.4
1607004,Distressed,20,3118.75,0,9,7,5,46.6
1604003,Distressed,20,6750,0,11,34,6,29.6
703003,Distressed,20,3720,0,13,25,5,33.6
2007013,Middle Market Stressed,20,9325,0,2,1,4,72.4
1507022,Middle Market Stressed,20,7925,0,2,6,4,70.7
2008003,Distressed,20,2685.71,0,6,4,6,50.8
2710025,Middle Market Stressed,19,4485.71,0,7,9,5,53.2
2720034,Regional Choice,19,2557.69,1,4,0,4,63.6
2502042,Distressed,19,11256.25,0,2,7,4,10.5
1509002,Middle Market Stressed,19,4537.5,0,9,5,6,61.3
2704013,Middle Market,19,2936.36,0,5,0,7,75.5
2717005,Distressed,19,7966.67,1,3,15,7,44.1
2002004,Distressed,19,5633.33,0,4,28,5,41
2002003,Distressed,19,6100,0,3,17,4,47.6
2709012,Middle Market Choice,19,6128.57,0,1,0,2,88.1
2001004,Distressed,19,7650,0,2,16,8,47.3
2603022,Middle Market,19,9875,0,0,0,4,76.5
2602012,Middle Market,19,2526.67,0,7,0,9,56.8
2716003,Middle Market Stressed,19,6625,0,13,3,6,52.6
2710024,Distressed,19,4033.33,0,17,11,8,53.3
2601011,Middle Market Choice,19,2253.33,0,4,1,5,71.3
1606003,Distressed,19,6175,1,1,18,4,57.8
1606004,Distressed,19,8575,0,10,21,4,23
1606006,Distressed,19,3975,0,4,18,4,55.1
2504013,Distressed,19,2600,0,12,3,5,41.3
2007011,Distressed,18,6700,0,14,5,5,64.2
905002,Middle Market Stressed,18,2537.5,1,10,3,7,56.9
2704014,Middle Market Choice,18,3466.67,0,3,0,5,84.5
1403002,Distressed,18,8400,3,22,30,8,29.9
2503021,Middle Market Stressed,18,3620.69,1,14,16,3,41.8
2703012,Middle Market Choice,18,3237.5,0,2,0,3,63.8
1307002,Middle Market Choice,18,3314.29,0,0,1,2,62.7
2003003,Distressed,18,6350,0,7,28,8,26.6
2710023,Middle Market Stressed,18,4320,0,5,5,4,66.3
1506004,Distressed,18,4900,0,9,25,11,47.3
2502061,Middle Market Stressed,18,652,0,13,1,6,70.5
1506001,Distressed,18,4171.43,1,13,16,6,41.1
2801023,Middle Market Choice,18,2650,0,5,3,7,53.7
908006,Distressed,18,4250,1,6,24,4,46.3
1605005,Middle Market Stressed,18,5525,0,2,3,4,52.3
2501031,Middle Market Choice,18,2161.11,0,6,1,3,59.1
2804022,Middle Market,18,2712.5,0,1,1,3,81.6
2603021,Middle Market,18,3928.57,0,2,0,3,82.6
1513002,Distressed,18,5980,0,12,17,6,40.8
2710011,Middle Market Stressed,18,4057.14,1,10,4,5,65.4
2602032,Middle Market,18,2628.57,0,4,1,4,77.7
807003,Distressed,18,5250,1,22,33,3,46.9
2005002,Distressed,18,3100,0,6,19,9,40.9
2703021,Middle Market Choice,18,3611.11,0,6,1,9,63
2804012,Middle Market Choice,18,1721.43,0,9,0,5,90
2801013,Middle Market,17,5075,0,0,0,2,79.4
2706003,Middle Market Choice,17,3128.57,0,5,0,8,80.2
803011,Distressed,17,6600,0,6,21,8,38.6
702001,Distressed,17,5666.67,0,8,29,4,52.6
2702001,Middle Market Choice,17,2411.11,0,4,0,2,78.7
801021,Middle Market Stressed,17,5733.33,0,2,4,10,52.7
1504002,Distressed,17,2600,0,7,4,3,45.7
2701021,Middle Market Choice,17,4557.14,0,1,0,3,88.1
1401001,Regional Choice,17,10771.43,2,2,0,2,22.9
806006,Distressed,17,6366.67,0,15,32,3,51.1
1510007,Middle Market Stressed,17,3933.33,0,4,7,8,58.5
2709031,Middle Market,17,1925,0,4,0,5,69.9
2710021,Middle Market,17,3053.33,1,6,1,4,71.8
801022,Middle Market Stressed,17,2540,0,3,4,9,60.1
2601015,Middle Market Choice,17,2637.5,0,3,0,7,77.5
2503033,Middle Market Stressed,17,3188.89,0,31,2,4,45.1
1607007,Distressed,17,9600,0,4,14,8,33.4
2502053,Middle Market,17,6766.67,0,1,1,5,56.2
2719003,Middle Market,17,3250,0,4,1,6,50.3
2720033,Middle Market Choice,17,3714.29,1,1,1,4,62.6
2713002,Regional Choice,17,1583.33,1,5,0,2,56.6
2501021,Middle Market Stressed,17,2247.06,0,2,1,6,45.4
2201002,Regional Choice,17,8178.57,1,4,0,2,43.6
2719004,Middle Market Choice,17,2711.11,0,4,1,4,75
2007015,Middle Market Stressed,16,9600,0,2,3,6,41.3
2713003,Regional Choice,16,793.33,1,3,0,1,90.5
908005,Distressed,16,4433.33,1,27,26,6,47.6
1302001,Middle Market Choice,16,6440,0,2,10,6,36.6
802002,Distressed,16,5800,0,4,45,4,33.8
2503031,Middle Market Stressed,16,1023.08,0,32,2,4,71.1
2005003,Distressed,16,9750,0,3,19,7,28.8
801011,Regional Choice,16,344.74,0,3,0,2,91.7
1605003,Distressed,16,5700,4,2,19,10,59.3
1307001,Regional Choice,16,9900,0,4,0,0,54.7
2601021,Middle Market,16,4270,0,2,0,3,85.1
2718025,Distressed,16,5075,0,5,16,3,52.3
903001,Middle Market Choice,16,4133.33,0,1,0,3,82
1307003,Regional Choice,16,3327.27,0,1,0,0,55.1
2604031,Middle Market,16,3853.33,0,4,0,6,30.2
2002002,Distressed,16,6700,0,1,25,4,41.4
1511003,Middle Market,16,3930,0,4,0,5,81.3
2606053,Middle Market,16,329.59,0,17,0,6,18.2
2607002,Middle Market,16,9700,0,3,1,2,51.9
1509003,Middle Market Choice,16,2333.33,0,7,2,5,70.3
2703011,Middle Market Choice,16,2966.67,0,2,0,3,59.8
703002,Distressed,16,3350,2,0,47,4,41.9
2707033,Middle Market Choice,16,2352.94,0,6,0,4,75.9
2707023,Middle Market Choice,16,2816.67,0,2,1,6,72.3
2706002,Middle Market,16,3045.45,0,4,1,6,67
2801011,Middle Market,16,5300,0,4,0,4,83
1503003,Distressed,16,3980,0,2,11,6,55.3
1803001,Middle Market Stressed,16,4783.33,0,19,6,7,19.3
2801024,Middle Market,16,6980,0,11,1,4,33.1
2718022,Distressed,16,3780,0,15,25,6,48.8
2602022,Middle Market,15,8176.47,0,5,0,6,10.5
2708012,Middle Market Choice,15,3940,0,1,0,3,80.3
1504001,Distressed,15,4500,0,5,9,5,40.9
1606002,Distressed,15,3325,0,8,20,5,58
1608014,Middle Market Stressed,15,4980,0,3,2,5,71.2
1902002,Distressed,15,7750,0,14,17,8,30.7
2007021,Distressed,15,2966.67,0,8,6,7,65.9
2008002,Middle Market,15,4400,0,3,5,6,59.3
302003,Regional Choice,15,10966.67,0,2,0,5,33.4
2504012,Middle Market Stressed,15,3320,0,4,1,3,65
1503001,Distressed,15,8833.33,0,2,13,8,58.5
1507012,Distressed,15,6900,0,13,3,4,64.4
2603011,Middle Market Stressed,15,6860,0,0,2,8,65.5
903003,Middle Market,15,5075,0,2,1,6,62.1
2603023,Middle Market,15,6280,0,0,0,6,76.5
2710012,Middle Market Stressed,15,3112.5,0,27,2,4,58.9
2709022,Middle Market,15,2269.23,0,1,0,4,75
601001,Middle Market Stressed,15,6700,0,2,7,11,34.4
604001,Middle Market Stressed,15,8275,1,8,21,13,21.7
808001,Distressed,15,975,4,22,46,1,29.2
2708052,Middle Market,15,4144.44,0,2,0,4,77.1
2708051,Middle Market Choice,15,5137.5,0,0,0,3,87.6
2708044,Regional Choice,15,4857.14,0,2,0,2,41.9
2703014,Middle Market Choice,15,2793.75,0,3,0,3,83.7
2703022,Middle Market Choice,15,3066.67,0,2,1,5,71
1513003,Distressed,14,2775,0,6,19,6,48.1
906003,Middle Market Stressed,14,10200,0,0,6,5,59.5
2716006,Distressed,14,3400,0,22,24,9,36.7
2704022,Middle Market Choice,14,2375,0,4,0,6,75.9
1502004,Distressed,14,6900,0,2,9,6,57.6
2712001,Regional Choice,14,1884.62,0,7,0,2,80.4
2708054,Middle Market,14,5766.67,0,4,1,6,73.8
2802001,Middle Market,14,2621.43,0,0,6,8,57
2502051,Middle Market Stressed,14,370.59,0,16,2,8,64.9
1513001,Distressed,14,11100,0,4,4,3,43.8
2706006,Middle Market Choice,14,2944.44,0,11,0,6,82.3
2804031,Middle Market Stressed,14,11350,0,0,1,5,41.2
2505001,Middle Market Stressed,14,8328.57,0,5,2,2,35.6
908002,Distressed,14,4700,0,1,7,4,56.8
2717006,Distressed,14,3700,0,8,20,6,45.6
2804034,Middle Market Choice,14,2163.64,0,7,0,5,72.1
2003002,Distressed,14,4400,0,8,23,4,24.2
1903002,Distressed,14,6800,0,21,25,10,19.4
1511007,Middle Market,14,4128.57,0,4,1,5,48.6
2720012,Middle Market Choice,14,5911.11,1,1,1,4,44.5
1507023,Middle Market Stressed,14,3500,0,10,8,7,55.2
2715013,Regional Choice,13,1229.17,0,9,0,1,70.8
905003,Middle Market Stressed,13,5140,0,4,2,7,49.4
1401003,Regional Choice,13,14540,2,5,0,2,25
2803021,Middle Market,13,5345.45,0,3,2,5,34.2
2804011,Middle Market Choice,13,1326.67,0,11,1,5,46.5
2501011,Middle Market,13,6255.56,0,14,0,5,34.9
2702002,Middle Market Choice,13,1433.33,0,17,1,4,69
2720022,Regional Choice,13,2654.55,1,1,0,2,67.3
2719001,Regional Choice,13,2020,1,9,0,3,77.7
804004,Distressed,13,3250,0,17,18,4,41.4
807002,Distressed,13,2100,0,26,41,1,39.8
1507013,Middle Market,13,7033.33,0,1,2,6,68.6
2605012,Middle Market Choice,13,1483.33,0,6,0,4,80.9
2802003,Middle Market Choice,13,2614.29,0,11,0,4,80.6
1403003,Middle Market Stressed,13,12733.33,3,6,17,11,18.3
1607001,Distressed,13,3960,0,5,7,6,63.1
1308031,Middle Market Choice,13,1384.62,0,19,0,2,59.9
1502003,Distressed,13,2500,3,43,13,3,46.2
2603025,Middle Market,13,10180,0,0,0,8,51
2802005,Middle Market,13,2781.82,0,6,1,10,62.2
2804013,Middle Market Choice,12,5225,0,2,0,4,42.3
2720023,Middle Market Choice,12,4636.36,1,3,0,2,61.7
2503032,Middle Market,12,8200,0,1,1,6,76
2707022,Middle Market Choice,12,2023.53,0,4,0,4,57.6
908004,Distressed,12,5125,0,5,18,3,53.6
2717004,Middle Market Stressed,12,6283.33,0,4,1,2,62.5
901002,Middle Market,12,5520,0,1,0,4,88.5
2803022,Middle Market Stressed,12,1848,1,20,1,9,40.2
2717003,Middle Market Choice,12,2450,1,5,1,3,86.8
1201003,Regional Choice,12,10166.67,0,5,0,1,47.3
903002,Middle Market Choice,12,5560,0,3,1,4,30.1
1301003,Middle Market Stressed,12,9100,1,9,6,12,23
907004,Distressed,12,8300,0,7,3,4,59
2715014,Regional Choice,12,1712,1,4,0,1,86.2
803012,Distressed,12,8600,0,3,20,6,51.5
1703001,Distressed,12,8600,0,35,26,6,13.5
806001,Distressed,12,7400,0,20,31,2,42.1
806003,Distressed,12,8400,0,8,30,3,42.9
1102002,Regional Choice,12,18620,1,0,1,2,8.7
1701001,Middle Market,12,6585.71,0,7,0,5,18.3
1703002,Middle Market Choice,12,8733.33,0,16,14,3,36.8
2709033,Middle Market,12,6816.67,0,0,1,5,46.4
803024,Middle Market,12,9280,0,1,1,3,54.5
1605004,Middle Market Stressed,12,6100,0,0,5,5,74.9
2719002,Middle Market Choice,12,2550,0,14,1,7,73.5
1510006,Middle Market Stressed,11,2130,0,15,9,8,54
2001001,Distressed,11,3675,0,3,17,5,44.7
1004001,Distressed,11,8433.33,0,37,41,0,6.9
2716001,Distressed,11,5000,0,3,1,7,37.4
2714003,Regional Choice,11,1530,1,3,0,2,72.3
1903001,Distressed,11,6000,1,5,18,10,35
1901004,Distressed,11,4700,0,43,23,10,22.5
2801021,Middle Market,11,587.01,0,8,1,5,46.9
1303001,Middle Market,11,10400,0,9,5,8,39.3
2505003,Distressed,11,260.2,0,22,2,5,53.3
2802006,Middle Market,11,2158.33,0,5,2,7,62.8
1513005,Distressed,11,3133.33,0,11,17,5,31.8
2804015,Middle Market,11,6375,0,3,0,3,60.6
2710013,Distressed,11,8100,0,6,5,9,18.8
806005,Distressed,11,7150,0,9,35,4,34
1510001,Middle Market Stressed,11,4150,0,11,1,9,47.1
802004,Distressed,11,3325,0,33,31,7,27.5
803022,Distressed,11,3585.71,0,1,3,6,65.4
1205001,Distressed,11,4900,2,30,25,7,16.9
2301001,Middle Market,11,6800,2,17,2,5,26.2
802003,Distressed,10,3300,0,22,44,3,33.4
2703013,Middle Market,10,2054.55,0,10,1,8,79.5
2001002,Distressed,10,6150,0,11,23,3,30.2
1001002,Distressed,10,4400,1,20,19,2,63.3
806004,Distressed,10,6850,0,13,30,3,42.9
1604001,Distressed,10,3300,0,5,24,3,43.2
1501001,Distressed,10,6966.67,0,21,19,5,30.7
806002,Distressed,10,5650,0,8,31,2,44.3
2704023,Middle Market,10,2430,0,1,0,5,68.5
2002005,Distressed,10,1040,0,7,13,4,61
909003,Distressed,10,7200,0,22,30,5,38.5
2705021,Middle Market Choice,10,3746.67,0,5,0,6,42.8
2710022,Middle Market Stressed,10,9433.33,0,5,1,9,65.3
901004,Middle Market Stressed,10,8325,1,12,3,2,36.3
2802004,Middle Market,10,2164.29,0,5,1,4,75.6
1605002,Middle Market Stressed,10,4400,0,1,7,6,57.4
1001001,Distressed,10,4533.33,0,11,25,3,47
1608011,Middle Market,10,10300,0,0,0,5,41.8
1608013,Distressed,10,8233.33,0,0,1,5,75.4
2605014,Middle Market,10,441.3,0,12,0,2,74.1
2711011,Regional Choice,10,2216.67,0,2,0,2,35.3
1601004,Distressed,10,5760,0,20,23,5,27.8
1403001,Middle Market Stressed,10,9233.33,3,8,25,9,15.9
2711012,Middle Market Choice,10,3630,0,5,1,3,56.7
2804021,Middle Market,10,2966.67,0,17,2,5,76.5
1506005,Distressed,10,2871.43,1,20,12,8,38.8
1504005,Distressed,10,6550,0,5,28,5,37.3
2606054,Middle Market,10,1692.86,0,14,0,4,69.1
1512002,Distressed,10,2350,0,16,23,7,41.5
1601003,Distressed,9,9725,1,8,32,5,22.2
1605001,Distressed,9,2800,0,7,2,3,43.6
908003,Distressed,9,3025,0,20,25,3,38
2708024,Middle Market Choice,9,5400,0,0,0,5,31.1
802005,Distressed,9,1200,0,35,19,2,54.9
1511005,Middle Market Choice,9,3028.57,0,2,1,10,76.3
1511004,Middle Market Choice,9,2872.73,0,3,1,2,84.6
1403005,Distressed,9,3925,7,45,17,4,33.6
2711021,Regional Choice,9,2016.13,3,6,0,0,26.9
2708053,Middle Market,9,5466.67,0,1,1,4,26.2
2502055,Middle Market Stressed,9,7837.5,0,22,0,4,12.6
1401002,Regional Choice,9,7271.43,2,5,1,1,19.7
1504003,Distressed,9,4625,1,2,16,5,42.8
2716002,Middle Market Stressed,9,7950,0,6,1,5,24
1802002,Middle Market Stressed,9,11950,0,32,18,9,27.8
1602001,Distressed,9,7925,0,4,13,4,75
1513006,Distressed,9,3150,0,15,19,5,43.3
2003001,Distressed,8,6150,0,22,25,4,23
1201002,Regional Choice,8,8757.14,0,4,0,1,25.5
1508003,Middle Market Stressed,8,4180,1,10,10,12,39.4
1205002,Distressed,8,2687.5,2,16,17,2,21.8
1511001,Middle Market,8,5433.33,0,4,1,4,56.8
2720014,Middle Market,8,8686.67,10,5,0,4,25.4
2719005,Middle Market,8,3962.5,0,4,0,3,67.7
1508001,Middle Market,8,6633.33,0,0,3,13,42
2716005,Distressed,8,3220,0,6,9,9,60.6
2718021,Distressed,8,4475,0,8,20,9,37.7
2702003,Middle Market Choice,8,2400,0,6,0,5,71.2
2802002,Middle Market,8,569.44,0,2,0,6,78.8
1204003,Middle Market Choice,8,10800,8,17,26,4,30
906001,Distressed,8,4920,0,0,7,8,56.7
2709011,Middle Market Choice,8,7411.11,0,0,0,3,56
905001,Distressed,8,1575,0,13,3,5,46
804003,Distressed,8,8000,0,4,48,3,13.7
2801014,Middle Market,8,1790,0,5,3,4,78.8
2706005,Middle Market Choice,8,3600,0,4,0,4,88.2
1401005,Regional Choice,8,13000,0,6,0,3,24.1
1512004,Distressed,8,3760,0,22,19,7,42.4
2720035,Regional Choice,8,2990.91,1,3,0,0,54
804001,Distressed,7,5600,1,3,40,4,39.4
1506006,Distressed,7,1184.62,0,21,21,4,44.3
1507011,Middle Market,7,896.67,0,10,2,8,49.3
1508005,Middle Market Stressed,7,5566.67,1,10,6,8,31.1
1508006,Middle Market Stressed,7,3516.67,0,9,7,11,31.2
1508007,Distressed,7,4487.5,1,13,12,10,26.2
1510005,Middle Market Choice,7,3450,1,5,10,13,37.8
1510008,Middle Market Stressed,7,3128.57,0,13,5,11,35.7
1601001,Distressed,7,2000,0,31,33,3,49.6
1604004,Distressed,7,5500,0,12,45,2,37.8
1304002,Middle Market Stressed,7,9100,1,7,10,9,20.1
2004001,Distressed,7,10200,0,9,37,4,25.8
2004003,Distressed,7,7450,0,3,30,2,29.3
1002002,Middle Market Stressed,7,3180,1,1,0,5,80.5
2502032,Middle Market Stressed,7,6828.57,0,1,7,5,33.2
909001,Distressed,7,7400,0,15,10,2,46.8
2504022,Middle Market,7,1500,6,6,21,3,12.7
2804035,Regional Choice,7,1613.33,0,4,1,5,53.3
2606042,Middle Market,7,3480,0,12,1,5,35.6
704003,Distressed,7,7400,1,9,21,2,12.7
2708041,Regional Choice,7,7187.5,0,14,0,2,21.6
2718024,Distressed,7,4800,0,4,9,6,45.6
2720013,Middle Market Choice,7,3978.57,0,2,0,4,56.2
2720021,Regional Choice,7,6626.32,0,2,0,1,40
2803013,Regional Choice,7,3306.82,2,23,1,4,7.6
1501003,Distressed,7,20328.57,1,20,14,3,25
1001003,Distressed,6,4960,3,16,23,4,50.1
1603003,Distressed,6,2300,0,29,40,7,30.7
1204004,Distressed,6,2625,0,35,33,8,29.5
1304001,Distressed,6,204.95,2,2,11,5,40.3
1102003,Regional Choice,6,17314.29,1,1,0,2,6.6
1607005,Middle Market Stressed,6,5833.33,0,5,10,6,65
2501034,Middle Market Choice,6,1191.89,0,8,0,3,40.3
2720031,Regional Choice,6,3758.33,1,2,0,1,46.9
2502031,Middle Market Stressed,6,1028.13,0,1,1,2,36.9
2715015,Regional Choice,6,3772.73,16,29,0,1,19.7
1206002,Middle Market,6,4111.11,1,4,0,10,17.4
2801012,Middle Market,6,1752.78,0,25,0,5,26.2
1510004,Middle Market Stressed,6,3440,0,9,8,11,33
301003,Middle Market Choice,6,12670,1,16,4,3,4.7
2708022,Middle Market Choice,6,8620,0,0,0,2,27.2
1204002,Middle Market Stressed,6,6300,6,28,14,7,16.5
1601002,Distressed,6,8200,0,21,20,8,21.7
802001,Distressed,6,884.21,0,26,11,4,55.3
1602003,Distressed,6,4733.33,0,18,44,5,14.8
1602004,Distressed,6,3666.67,0,32,33,5,11.7
2604022,Middle Market,6,1348.48,0,7,0,7,22.2
1603001,Distressed,6,4400,1,31,18,3,36.6
2708013,Middle Market Choice,6,4987.5,0,2,0,6,52.3
1603002,Distressed,5,4900,0,50,27,14,14.3
1402003,Distressed,5,2350,1,23,30,4,39.3
804002,Distressed,5,2800,0,34,30,3,32.1
2606043,Middle Market Stressed,5,500,0,5,0,3,51.5
2606041,Middle Market,5,966.67,0,1,1,10,72.4
1511006,Middle Market Choice,5,2833.33,0,1,2,11,61.3
1602002,Distressed,5,6550,1,26,28,7,14
2803012,Middle Market,5,1400,0,58,0,6,27
904002,Distressed,5,13166.67,1,17,25,3,5
2601013,Middle Market Choice,5,5875,0,16,0,5,16.4
1302003,Middle Market,5,9100,0,6,7,13,28
1702001,Distressed,5,6620,1,15,17,3,15.9
2720032,Regional Choice,5,5041.67,3,5,0,2,22.4
2708023,Middle Market Choice,5,2925,0,2,0,4,43.8
1901002,Distressed,5,6800,0,16,9,8,27.6
909005,Distressed,5,1006.67,1,41,26,6,20.3
2715012,Regional Choice,5,866.67,0,4,0,2,78.7
1505002,Middle Market Stressed,5,1611.76,0,10,0,4,69.4
2004002,Distressed,5,2216.67,0,23,30,7,18.7
1101002,Regional Choice,5,13542.86,1,4,0,2,6.2
2708042,Middle Market Choice,5,6600,1,2,0,4,38.4
1206001,Regional Choice,5,14825,0,0,1,4,16.3
1202003,< 5 Sales; MultiFamily (>65% of Housing Units),4,20425,0,1,0,2,9.5
1403004,< 5 Residential Sales (2009-2010),4,3000,0,37,18,2,42.5
302002,< 5 Residential Sales (2009-2010),4,4360,1,11,0,5,45
1901003,< 5 Residential Sales (2009-2010),4,7600,0,34,18,1,17.2
2718014,< 5 Residential Sales (2009-2010),4,11200,0,0,1,5,77.1
1510003,< 5 Residential Sales (2009-2010),4,2614.29,0,3,6,6,47.9
1801002,< 5 Sales; MultiFamily (>65% of Housing Units),4,8083.33,3,59,12,3,6.2
1802001,< 5 Residential Sales (2009-2010),4,2357.14,1,52,15,5,19.1
2502072,< 5 Residential Sales (2009-2010),4,2411.11,0,6,1,3,56.4
1901001,< 5 Residential Sales (2009-2010),4,3000,0,25,26,3,42.2
1301002,< 5 Sales; MultiFamily (>65% of Housing Units),4,22950,3,18,22,20,11.1
301001,< 5 Residential Sales (2009-2010),4,6175,0,20,0,3,31.9
1302004,< 5 Residential Sales (2009-2010),4,9400,1,10,23,8,19.3
1508002,< 5 Residential Sales (2009-2010),4,3540,0,3,8,9,35
2717007,< 5 Residential Sales (2009-2010),4,1188,0,5,4,3,64.8
604003,< 5 Residential Sales (2009-2010),4,2355.56,0,5,0,3,47.1
1801001,< 5 Residential Sales (2009-2010),3,4771.43,0,7,0,5,23
909004,< 5 Sales; MultiFamily (>65% of Housing Units),3,14350,0,27,23,11,10.5
1002001,< 5 Sales; MultiFamily (>65% of Housing Units),3,9525,1,16,9,7,15.4
1101001,< 5 Residential Sales (2009-2010),3,26360,1,1,1,4,24.9
1102001,< 5 Sales; MultiFamily (>65% of Housing Units),3,8643.75,0,2,0,4,8.1
2717001,< 5 Residential Sales (2009-2010),3,2386.67,1,4,0,3,30
1401004,< 5 Sales; MultiFamily (>65% of Housing Units),3,17075,1,2,0,4,14.4
1302002,< 5 Residential Sales (2009-2010),3,11166.67,0,4,6,8,12.4
2804042,< 5 Residential Sales (2009-2010),3,523.53,0,0,2,1,77.5
1402001,< 5 Sales; MultiFamily (>65% of Housing Units),3,7850,3,8,23,7,7.1
803021,< 5 Residential Sales (2009-2010),2,14100,0,0,1,3,48.3
2717002,< 5 Residential Sales (2009-2010),2,6560,0,4,0,3,36
1701002,>50 residential lots; >40 % vacant lots,2,6180,0,40,1,6,9.2
2720025,< 5 Sales; MultiFamily (>65% of Housing Units),2,10125,0,0,0,0,9.6
2720024,< 5 Sales; MultiFamily (>65% of Housing Units),2,5735.71,0,1,0,1,30.3
807001,< 5 Residential Sales (2009-2010),2,2700,0,47,25,3,34.3
604002,< 5 Residential Sales (2009-2010),2,2366.67,0,2,0,8,32.3
2804032,< 5 Residential Sales (2009-2010),2,1932,0,6,1,5,39.1
1308051,< 5 Residential Sales (2009-2010),2,970.97,0,6,0,4,54.4
1205003,< 5 Residential Sales (2009-2010),2,6560,1,7,8,8,16.7
2604033,< 5 Residential Sales (2009-2010),2,34.29,0,21,0,14,66.7
301002,>50 residential lots; >50 % vacant lots,1,1800,0,58,1,5,42.2
1301001,< 5 Residential Sales (2009-2010),1,8533.33,0,2,13,15,25.3
2715031,< 5 Residential Sales (2009-2010),1,2441.38,0,1,0,1,74.4
1301004,< 5 Sales; MultiFamily (>65% of Housing Units),1,16700,3,1,8,13,11.4
1505001,< 5 Sales; MultiFamily (>65% of Housing Units),1,2110.53,1,7,8,6,19
2708032,< 5 Sales; MultiFamily (>65% of Housing Units),1,5022.73,0,11,0,2,7.5
501002,< 5 Sales; MultiFamily (>65% of Housing Units),1,5133.33,0,22,0,26,6.9
2506001,>50 residential lots; >40 % vacant lots,1,4.55,0,37,1,0,0
2506002,>50 residential lots; >40 % vacant lots,1,4.9,0,59,0,9,20.3
2602014,< 5 Sales; MultiFamily (>65% of Housing Units),1,5917.39,1,14,1,12,2.7
2803011,>50 residential lots; >40 % vacant lots,1,1379.63,0,41,1,2,6.1
1402004,>50 residential lots; >40 % vacant lots,1,5166.67,1,46,16,3,22.1
2604041,>50 residential lots; >40 % vacant lots,1,48.98,0,37,2,0,14.4
302001,< 5 Residential Sales (2009-2010),1,1316.67,1,21,0,18,59.9
1202005,< 5 Sales; MultiFamily (>65% of Housing Units),1,21200,0,0,0,1,11.8
1702002,< 5 Sales; MultiFamily (>65% of Housing Units),0,26255.56,11,5,0,50,0
2502043,NR - Non-residential (<50 residential lots),0,25,0,0,0,0,100
2404002,NR - Non-residential (<50 residential lots),0,0,0,0,0,0,0
1002003,>50 residential lots; >50 % vacant lots,0,0,0,85,0,0,0
2502071,< 5 Sales; MultiFamily (>65% of Housing Units),0,2788.89,0,20,0,17,1.7
2505005,>50 residential lots; >40 % vacant lots,0,1.05,0,46,0,20,0
1004002,>50 residential lots; >50 % vacant lots,0,375,0,55,13,14,20.5
1608021,NR - Non-residential (<50 residential lots),0,0,0,92,0,0,0
704002,>50 residential lots; >50 % vacant lots,0,3075,0,90,0,0,0
1205004,NR - Non-residential (<50 residential lots),0,20,0,6,0,0,100
2603031,>50 residential lots; >40 % vacant lots,0,197.87,0,44,0,3,29.4
2604011,NR - Non-residential (<50 residential lots),0,10.53,0,0,0,0,0
2707021,< 5 Sales; MultiFamily (>65% of Housing Units),0,9740,0,33,0,0,0
2604012,NR - Non-residential (<50 residential lots),0,6.67,0,34,0,0,0
1202004,< 5 Sales; MultiFamily (>65% of Housing Units),0,0,0,20,0,0,0
2604013,NR - Non-residential (<50 residential lots),0,0,0,0,0,0,0
2604032,NR - Non-residential (<50 residential lots),0,13.33,0,90,0,450,0
501003,NR - Non-residential (<50 residential lots),0,4566.67,0,3,3,4,9.4
1002004,< 5 Sales; MultiFamily (>65% of Housing Units),0,71300,100,0,0,0,0
2707011,< 5 Sales; MultiFamily (>65% of Housing Units),0,8960,13,0,0,0,0
2604044,NR - Non-residential (<50 residential lots),0,0,0,71,0,0,0
808002,>50 residential lots; >50 % vacant lots,0,2450,22,72,1,2,24.9
2201003,NR - Non-residential (<50 residential lots),0,0,0,0,0,0,0
401001,< 5 Sales; MultiFamily (>65% of Housing Units),0,3350,0,6,0,5,15.7
401002,< 5 Sales; MultiFamily (>65% of Housing Units),0,9553.33,0,12,1,21,0.1
402001,< 5 Sales; MultiFamily (>65% of Housing Units),0,483.33,0,14,1,0,4.4
402002,< 5 Sales; MultiFamily (>65% of Housing Units),0,2390.91,2,15,0,0,0
1003001,NR - Non-residential (<50 residential lots),0,0,0,0,0,0,0
501001,< 5 Residential Sales (2009-2010),0,6.25,0,7,0,0,0
1206003,< 5 Sales; MultiFamily (>65% of Housing Units),0,7542.86,1,8,2,18,0.9
2502041,NR - Non-residential (<50 residential lots),0,7369.23,3,3,0,3,5.2
605001,< 5 Sales; MultiFamily (>65% of Housing Units),0,7263.64,3,17,0,0,0